{
    "revrootMA": [3580.8956927591, -906.558066787, 1012.9012888899],
    "revrootLA": [2478.2110818085, -850.9747241734, -21.3449744949],
    "rDoor": [2985.2252251857, -1000.9736541954, 634.2367244142],
    "rMA": [3603.1181651241, -851.633617828, 999.1776716127],
    "rLA": [2480.3079789101, -831.6969825016, -16.6079173541],
    "fixrootrollerMG": [3618.9570586645, -789.5653844227, 999.4630310344],
    "fixrootrollerLG": [2478.2407670739, -809.6981769731, -22.7978911861],
    "fixrootrollerMF0": [3596.1590635603, -792.8698947168, 1014.6516952095],
    "fixrootrollerMR0": [3641.0808112684, -790.5217978247, 1015.9232021959],
    "fixrootrollerMF": [3596.81, -791.41, 1014.6516952095],
    "fixrootrollerMR": [3640.71, -788.954, 1015.9232021959],
    "fixrootrollerLF": [2451.9295055222, -808.8362561184, 1.6216974129],
    "fixrootrollerLR": [2503.9248514667, -808.8404593307, 2.3161700361],
    "fixrootrollerU": [2608.1721925959, -672.3724048378, 1385.4640400786],
    "SMDT": {
        "mass1": [52.5, 4.37, 3.3, 1.09],
        "mass2": [0.5106279507, 0.0010907366643991, 0.0010184922811735, 0.0002736987895571],
        "mass3": [0.1767413708, 0.0001193068245091, 0.000086021251567, 0.0000545063908776],
        "mass4": [2.8232714063E-02, 2.0327554125e-6, 1.1669521813e-6, 1.1669521812e-6],
        "mass5": [7.6855721615E-02, 7.5318607184e-6, 5.405519087e-6, 5.4055190868e-6],
        "mass6": [1.5158418665E-02, 0.6696989366e-6, 0.3967463445e-6, 0.3967463445e-6],
        "mass7": [1.5158418665E-02, 0.6696989366e-6, 0.3967463445e-6, 0.3967463445e-6],
        "mass8": [2.1712170239E-02, 1.3739732729e-6, 0.7756446649e-6, 0.7756446649e-6],
        "mass9": [2.1712170239E-02, 1.3739732729e-6, 0.7756446649e-6, 0.7756446649e-6],
        "mass10": [2.1712170239E-02, 1.3739732729e-6, 0.7756446649e-6, 0.7756446649e-6]
    },
    "initialGeneralizedCoordinates": {
        "p10": [1, 0, 0, 0],
        "p20": [1, 0, 0, 0],
        "p30": [1, 0, 0, 0],
        "omeg1pr0": [0, 0, 0],
        "r1d0": [-1000, 0, 0],
        "r2d0": [0, 0, 0],
        "r3d0": [0, 0, 0],
        "p1d0": [0, 0, 0, 0],
        "p2d0": [0, 0, 0, 0],
        "p3d0": [0, 0, 0, 0]
    }
}
