{
  "p_eff": {
    "f1": 0.97,
    "AF": 0.6,
    "B5": -1.1,
    "Eeq": 4.5464758335e5,
    "f_start_v": 0.01,
    "f_max": 200,
    "faaa": 0,
    "contactdamp_type":"basic",
    "c_start_delta": 0.0001,
    "c_max_coeff_d": 9999,
    "n_damper": 0.002,
    "d_sec": {
      "1": 0.0,
      "2": 0.0001,
      "3": 0.000001,
      "4": 0.00001
    }
  },
  "p_g": {
    "f1": 0.97,
    "AF": 0.6,
    "B5": -0.1,
    "Eeq": 4.5464758335e6,
    "n_damper":0.0010,
    "fric_force_mul":-1,
    "f_v_sec": {
      "1": 0.001,
      "2": 0.04,
      "3": 0.05,
      "4": 0.06
    },
    "f_type":"Coulomb"
  },
  "p_off": {
    "f1": 0.97,
    "AF": 0.6,
    "B5": -1.1,
    "Eeq": 0.0,
    "f_start_v": 0.01,
    "f_max": 200,
    "faaa": 0,
    "contactdamp_type":"no",
    "c_start_delta": 0.0001,
    "c_max_coeff_d": 0.00,
    "c_damper": 0,
    "d_sec": {
      "1": 0.001,
      "2": 0.04,
      "3": 0.05,
      "4": 0.06
    }
  },
  "initialGeneralizedCoordinates": {
    "p10": [1, 0, 0, 0],
    "p20": [1, 0, 0, 0],
    "p30": [1, 0, 0, 0],
    "omeg1pr0": [0, 0, 0],
    "r1d0": [-1000, 0, 0],
    "r2d0": [0, 0, 0],
    "r3d0": [0, 0, 0],
    "p1d0": [0, 0, 0, 0],
    "p2d0": [0, 0, 0, 0],
    "p3d0": [0, 0, 0, 0]
  }
}
