{
    "p_eff": {
        "f1":0.97,
        "AF":0.6,
        "B5":-1.1,
        "Eeq" :4.5464758335e05,
        "f_start_v" : 0.01,
        "f_max" : 200,
        "faaa" : 1,
        "c_start_delta" : 0.0001,
        "c_max_coeff_d":0.05,
        "c_damper" : 5e3
        },
    "SMDT": {
        "mass1": [52.5, 4.37, 3.3, 1.09],
        "mass2": [0.5106279507, 0.0010907366643991, 0.0010184922811735, 0.0002736987895571],
        "mass3": [0.1767413708, 0.0001193068245091, 0.000086021251567, 0.0000545063908776],
        "mass4": [2.8232714063E-02, 2.0327554125e-6, 1.1669521813e-6, 1.1669521812e-6],
        "mass5": [7.6855721615E-02, 7.5318607184e-6, 5.405519087e-6, 5.4055190868e-6],
        "mass6": [1.5158418665E-02, 0.6696989366e-6, 0.3967463445e-6, 0.3967463445e-6],
        "mass7": [1.5158418665E-02, 0.6696989366e-6, 0.3967463445e-6, 0.3967463445e-6],
        "mass8": [2.1712170239E-02, 1.3739732729e-6, 0.7756446649e-6, 0.7756446649e-6],
        "mass9": [2.1712170239E-02, 1.3739732729e-6, 0.7756446649e-6, 0.7756446649e-6],
        "mass10": [2.1712170239E-02, 1.3739732729e-6, 0.7756446649e-6, 0.7756446649e-6]
    },
    "initialGeneralizedCoordinates": {
        "p10": [1, 0, 0, 0],
        "p20": [1, 0, 0, 0],
        "p30": [1, 0, 0, 0],
        "omeg1pr0": [0, 0, 0],
        "r1d0": [-1000, 0, 0],
        "r2d0": [0, 0, 0],
        "r3d0": [0, 0, 0],
        "p1d0": [0, 0, 0, 0],
        "p2d0": [0, 0, 0, 0],
        "p3d0": [0, 0, 0, 0]
    }
}
